Name,Stars,Title,Date,Description,Sentiment,Score
Dicie Lynn Mitchell,3.0,"3.0 out of 5 stars
fair product",07/11/2023,inflates extremely slow light look good,POSITIVE,0.9993428587913513
RUM,4.0,"4.0 out of 5 stars
Muy bonito adorno navide√±o",25/09/2022,adorno de navidad igual de bonito como en la imagen lo negativo e que se desinfla inmediamente al desconectarse pens√© que se pod√≠a dejar inflado sin conexion,NEGATIVE,0.8355180621147156
penny dziuban,2.0,"2.0 out of 5 stars
Blower not working",10/11/2023,blower working,NEGATIVE,0.9588837027549744
Robin Hill,5.0,"5.0 out of 5 stars
Nice Lights",16/01/2023,look great constant moving ‚Äúdisco‚Äù like light made stand out rained lot christmas california held well got black friday sale paid something great deal,POSITIVE,0.998428225517273
Linda Leary,4.0,"4.0 out of 5 stars
Great for an outdoors",01/12/2022,easy setup,NEGATIVE,0.579767107963562
Dee R,5.0,"5.0 out of 5 stars
The Cutest Inflatable",11/12/2022,great value money look great easy steak inflate many neighbor said enjoying inflatable keep inflated hour day work well,POSITIVE,0.997347354888916
Dorothy R.,5.0,"5.0 out of 5 stars
Love this decoration",22/12/2022,video big upload bought snowman year ago waited review it season still working great eyecatching,POSITIVE,0.9968937635421753
Meka,5.0,"5.0 out of 5 stars
Durable",03/01/2023,like size still it thought would difficult keep secured wind rain wasnt,NEGATIVE,0.959756076335907
Jackie,5.0,"5.0 out of 5 stars
Super cute wish it was bigger",02/12/2022,cute wish bigger ad dimension picture make seem bigger taken certain angle kiddos love üòç,NEGATIVE,0.9788683652877808
rcamay,5.0,"5.0 out of 5 stars
great quality",05/12/2022,love it great quality material also help lot put bag sand inside winter windlights nice,POSITIVE,0.9998267292976379
